month,product_public_code,raw_name,quantity,unit_price_syp,review_status,notes
2026-07,d991c25f-9cbd-4210-999c-a55b367da025,شاي الخمير,36,50,needs_review,مطابق مؤقتاً مع شاي عادي ويحتاج تأكيد الاسم التاريخي
2026-07,ef652b6a-49ba-4cd9-bc71-c75df3ca147d,أركيلة,3,300,confirmed,السعر التاريخي المصرح به قبل اعتماد النظام
2026-07,818f0dd9-d675-43e7-be9f-c97aa2e94760,قهوة,17,100,needs_review,عدد القهوة بسعر الجيران 50 غير مفصول بعد وسيضاف كحسم عند التدقيق
2026-07,38a08648-40da-4407-8a16-676a97883949,كابتشينو,2,150,confirmed,
2026-07,3af468ab-297f-42f1-8320-c1e15a13a07e,متة,3,250,needs_review,مطابق مؤقتاً مع متّة طاولة ويحتاج تأكيد
2026-07,52c991ac-2705-4613-8b34-0ee93c83e0ae,عرق,32,200,confirmed,
2026-07,4a99bc12-dfa0-4e68-b5aa-1fa0f0592e22,فودكا,5,250,confirmed,
2026-07,4175dd23-7eff-4acd-a063-a37fd34ec64c,عصير,20,200,confirmed,العصير الطبيعي مطابق مع عصير بطيخ / مرابي
2026-07,9b882f15-d62f-48c4-875f-51921f9ae711,نسكافيه,4,100,needs_review,تفصيل مع حليب أو بدون حليب غير متوفر بعد
2026-08,d991c25f-9cbd-4210-999c-a55b367da025,شاي الخمير,46,50,needs_review,مطابق مؤقتاً مع شاي عادي ويحتاج تأكيد الاسم التاريخي
2026-08,ef652b6a-49ba-4cd9-bc71-c75df3ca147d,أركيلة,5,300,confirmed,السعر التاريخي المصرح به قبل اعتماد النظام
2026-08,818f0dd9-d675-43e7-be9f-c97aa2e94760,قهوة,45,100,needs_review,عدد القهوة بسعر الجيران 50 غير مفصول بعد وسيضاف كحسم عند التدقيق
2026-08,38a08648-40da-4407-8a16-676a97883949,كابتشينو,3,150,confirmed,
2026-08,3af468ab-297f-42f1-8320-c1e15a13a07e,متة,11,250,needs_review,مطابق مؤقتاً مع متّة طاولة ويحتاج تأكيد
2026-08,45fe4e79-0f69-4ca6-9daf-a5c20c81dc64,ويسكي,6,300,needs_review,مطابق مؤقتاً مع كوكتيل ويسكي ويحتاج تدقيق نوع البيع القديم
2026-08,52c991ac-2705-4613-8b34-0ee93c83e0ae,عرق,87,200,confirmed,
2026-08,f457e329-e48a-4790-9507-36932c8c2087,بيرة,22,400,needs_review,سجل قديم مجمع للبيرة والتوزيع بين خفيفة وثقيلة غير معروف
2026-08,4a99bc12-dfa0-4e68-b5aa-1fa0f0592e22,فودكا,21,250,confirmed,
2026-08,a7201636-438b-452a-8c88-350465079b73,دودو شوت,6,100,confirmed,السعر التاريخي المصرح به قبل اعتماد النظام
2026-08,4175dd23-7eff-4acd-a063-a37fd34ec64c,عصير,42,200,confirmed,العصير الطبيعي مطابق مع عصير بطيخ / مرابي
2026-08,9b882f15-d62f-48c4-875f-51921f9ae711,نسكافيه,3,100,needs_review,تفصيل مع حليب أو بدون حليب غير متوفر بعد
2026-09,d991c25f-9cbd-4210-999c-a55b367da025,شاي الخمير,30,50,needs_review,مطابق مؤقتاً مع شاي عادي ويحتاج تأكيد الاسم التاريخي
2026-09,ef652b6a-49ba-4cd9-bc71-c75df3ca147d,أركيلة,3,300,confirmed,السعر التاريخي المصرح به قبل اعتماد النظام
2026-09,818f0dd9-d675-43e7-be9f-c97aa2e94760,قهوة,34,100,needs_review,عدد القهوة بسعر الجيران 50 غير مفصول بعد وسيضاف كحسم عند التدقيق
2026-09,38a08648-40da-4407-8a16-676a97883949,كابتشينو,1,150,confirmed,
2026-09,3af468ab-297f-42f1-8320-c1e15a13a07e,متة,13,250,needs_review,مطابق مؤقتاً مع متّة طاولة ويحتاج تأكيد
2026-09,45fe4e79-0f69-4ca6-9daf-a5c20c81dc64,ويسكي,1,300,needs_review,مطابق مؤقتاً مع كوكتيل ويسكي ويحتاج تدقيق نوع البيع القديم
2026-09,52c991ac-2705-4613-8b34-0ee93c83e0ae,عرق,14,200,confirmed,
2026-09,f457e329-e48a-4790-9507-36932c8c2087,بيرة,7,400,needs_review,سجل قديم مجمع للبيرة والتوزيع بين خفيفة وثقيلة غير معروف
2026-09,4a99bc12-dfa0-4e68-b5aa-1fa0f0592e22,فودكا,6,250,confirmed,
2026-09,a7201636-438b-452a-8c88-350465079b73,دودو شوت,3,100,confirmed,السعر التاريخي المصرح به قبل اعتماد النظام
2026-09,4175dd23-7eff-4acd-a063-a37fd34ec64c,عصير,4,200,confirmed,العصير الطبيعي مطابق مع عصير بطيخ / مرابي
2026-09,9b882f15-d62f-48c4-875f-51921f9ae711,نسكافيه,4,100,needs_review,تفصيل مع حليب أو بدون حليب غير متوفر بعد
